Date,Category,payment mode,Description,Amount,Cashback
2024-01-22,stationary,UPI,monthly metro pass renewal,834.4,1.54
2024-01-24,Groceries,Cash,streaming service subscription renewal,121.43,2.23
2024-01-21,Subscription,Cash,Taxi fare for office,748.49,12.34
2024-01-28,Transportation,Cash,Fuel refill at Gas Station Name,244.26,15.74
2024-01-20,Bills,Debit card,Mobile recharge,978.43,10.62
2024-01-16,stationary,Cash,Internet service provider bill,352.46,13.23
2024-01-01,Subscription,Debit card,Fuel refill at Gas Station Name,276.27,7.37
2024-01-09,Investment,UPI,monthly metro pass renewal,960.93,2.3
2024-01-15,stationary,Debit card,monthly metro pass renewal,648.06,7.0
2024-01-12,Transportation,Debit card,Internet service provider bill,596.42,17.84
2024-01-15,stationary,Cash,monthly metro pass renewal,177.8,1.19
2024-01-18,stationary,UPI,Fuel refill at Gas Station Name,52.36,11.1
2024-01-18,Bills,Debit card,streaming service subscription renewal,105.39,19.86
2024-01-02,Subscription,Cash,monthly metro pass renewal,86.2,19.97
2024-01-12,Investment,UPI,streaming service subscription renewal,692.72,0.17
2024-01-18,Investment,Cash,Mobile recharge,997.17,8.36
2024-01-17,Groceries,Cash,streaming service subscription renewal,503.37,18.19
2024-01-26,Transportation,Debit card,streaming service subscription renewal,36.39,1.61
2024-01-09,stationary,Debit card,Taxi fare for office,967.36,9.82
2024-01-25,Bills,UPI,Accessories shopping,965.99,17.74
2024-01-24,stationary,UPI,streaming service subscription renewal,368.38,11.17
2024-01-12,Investment,Debit card,Internet service provider bill,956.95,0.88
2024-01-07,stationary,Debit card,Accessories shopping,500.78,1.45
2024-01-23,Investment,Debit card,Fuel refill at Gas Station Name,887.41,1.88
2024-01-28,stationary,Cash,Internet service provider bill,392.8,18.24
2024-01-16,Transportation,UPI,Accessories shopping,460.29,7.95
2024-01-05,Groceries,Cash,Accessories shopping,694.48,16.54
2024-01-18,Subscription,Debit card,Mobile recharge,472.55,8.12
2024-01-24,Transportation,Debit card,monthly metro pass renewal,384.45,18.72
2024-01-16,Groceries,Cash,Fuel refill at Gas Station Name,91.74,1.82
2024-01-25,Groceries,Cash,monthly metro pass renewal,832.68,12.6
2024-01-17,Investment,UPI,Fuel refill at Gas Station Name,937.59,10.68
2024-01-07,Subscription,Debit card,Taxi fare for office,285.68,4.81
2024-01-07,Transportation,Cash,Fuel refill at Gas Station Name,898.85,16.55
2024-01-05,Transportation,Debit card,streaming service subscription renewal,795.75,16.64
2024-01-08,Transportation,Debit card,Taxi fare for office,963.06,2.75
2024-01-15,stationary,UPI,Internet service provider bill,322.09,14.48
2024-01-18,Subscription,Debit card,Taxi fare for office,768.08,11.59
2024-01-14,stationary,Debit card,Internet service provider bill,113.6,18.06
2024-01-25,Investment,UPI,streaming service subscription renewal,718.0,9.05
2024-01-07,Groceries,UPI,Accessories shopping,121.63,6.56
2024-01-23,Subscription,UPI,Fuel refill at Gas Station Name,945.74,19.52
2024-01-20,Transportation,Debit card,Internet service provider bill,717.77,12.53
2024-01-05,stationary,UPI,monthly metro pass renewal,41.01,4.26
2024-01-13,Groceries,UPI,monthly metro pass renewal,308.26,15.18
2024-01-13,Subscription,Debit card,Mobile recharge,217.52,2.2
2024-01-23,Groceries,Cash,streaming service subscription renewal,71.85,4.68
2024-01-25,Investment,Debit card,Internet service provider bill,91.51,14.28
2024-01-25,Transportation,Cash,monthly metro pass renewal,701.37,13.18
2024-01-10,Subscription,UPI,Fuel refill at Gas Station Name,960.02,14.01
2024-01-09,Subscription,Cash,Taxi fare for office,713.99,8.64
2024-01-11,Bills,UPI,streaming service subscription renewal,24.27,9.44
2024-01-14,Transportation,Debit card,Fuel refill at Gas Station Name,585.87,5.19
2024-01-13,Investment,Cash,streaming service subscription renewal,421.06,6.71
2024-01-28,Groceries,Debit card,Fuel refill at Gas Station Name,739.56,6.77
2024-01-24,Subscription,Cash,Taxi fare for office,996.23,10.89
2024-01-15,Transportation,UPI,Taxi fare for office,117.49,11.54
2024-01-11,Transportation,Debit card,streaming service subscription renewal,902.92,3.21
2024-01-06,Subscription,UPI,Fuel refill at Gas Station Name,840.23,9.53
2024-01-06,Transportation,Debit card,Mobile recharge,295.63,19.49
2024-01-30,Investment,Cash,streaming service subscription renewal,355.53,8.49
2024-01-03,Investment,UPI,Taxi fare for office,815.91,10.5
2024-01-01,Transportation,UPI,Mobile recharge,883.72,18.01
2024-01-27,Subscription,Cash,Fuel refill at Gas Station Name,685.33,17.29
2024-01-07,Groceries,Debit card,Internet service provider bill,290.56,10.28
2024-01-29,Investment,Debit card,Internet service provider bill,906.91,12.26
2024-01-06,stationary,Cash,streaming service subscription renewal,641.32,4.45
2024-01-08,Transportation,UPI,streaming service subscription renewal,104.02,1.33
2024-01-16,Groceries,Debit card,Internet service provider bill,584.19,1.72
2024-01-24,Subscription,UPI,Mobile recharge,85.84,19.55
2024-01-20,Bills,UPI,Mobile recharge,788.42,7.18
2024-01-05,Investment,Debit card,Mobile recharge,55.52,4.29
2024-01-16,Transportation,UPI,Mobile recharge,594.76,8.3
2024-01-21,stationary,Debit card,Taxi fare for office,872.01,3.51
2024-01-22,Subscription,UPI,streaming service subscription renewal,475.51,2.94
2024-01-28,Groceries,Debit card,Mobile recharge,247.95,16.22
2024-01-20,stationary,Cash,Internet service provider bill,242.59,4.4
2024-01-09,Bills,Debit card,Taxi fare for office,831.39,15.85
2024-01-03,stationary,UPI,Mobile recharge,534.61,9.02
2024-01-11,Bills,UPI,Mobile recharge,388.52,0.6
2024-01-12,stationary,UPI,Fuel refill at Gas Station Name,89.31,2.65
2024-01-05,Transportation,Cash,Internet service provider bill,41.68,15.05
2024-01-25,Subscription,UPI,Fuel refill at Gas Station Name,757.3,12.1
2024-01-29,Investment,Cash,Fuel refill at Gas Station Name,697.67,10.94
2024-01-13,Investment,Cash,streaming service subscription renewal,225.94,4.52
2024-01-17,stationary,Debit card,streaming service subscription renewal,487.92,0.96
2024-01-06,Bills,Cash,monthly metro pass renewal,385.81,2.22
2024-01-25,Subscription,UPI,streaming service subscription renewal,797.05,5.38
2024-01-09,stationary,UPI,Taxi fare for office,99.89,19.28
2024-01-19,Bills,Debit card,Fuel refill at Gas Station Name,501.6,19.46
2024-01-01,stationary,Cash,Mobile recharge,140.03,3.78
2024-01-19,Transportation,UPI,Internet service provider bill,690.3,2.64
2024-01-03,Groceries,Cash,Taxi fare for office,276.76,11.14
2024-01-17,Groceries,Debit card,Taxi fare for office,641.77,5.69
2024-01-16,Subscription,Cash,Taxi fare for office,104.29,13.68
2024-01-13,Groceries,Debit card,monthly metro pass renewal,859.65,2.0
2024-01-03,stationary,Debit card,monthly metro pass renewal,63.5,9.73
2024-01-11,Transportation,UPI,Accessories shopping,761.34,19.27
2024-01-11,stationary,UPI,Mobile recharge,593.17,4.99
2024-01-10,Bills,Cash,monthly metro pass renewal,684.36,7.73
2024-02-12,Transportation,Cash,Taxi fare for office,927.16,2.34
2024-02-17,Groceries,Debit card,Accessories shopping,686.0,13.16
2024-02-22,Investment,Debit card,Accessories shopping,454.16,17.42
2024-02-12,Groceries,Debit card,monthly metro pass renewal,868.16,5.78
2024-02-01,Groceries,Debit card,Accessories shopping,660.79,4.84
2024-02-17,Investment,Cash,Fuel refill at Gas Station Name,931.51,15.46
2024-02-13,Groceries,Debit card,Accessories shopping,584.04,1.78
2024-02-19,stationary,Cash,Taxi fare for office,206.35,13.73
2024-02-25,Subscription,Debit card,Internet service provider bill,277.8,12.71
2024-02-01,Subscription,UPI,streaming service subscription renewal,26.19,16.52
2024-02-11,stationary,Debit card,Fuel refill at Gas Station Name,601.28,11.4
2024-02-06,Bills,Debit card,streaming service subscription renewal,978.47,13.03
2024-02-27,Transportation,Cash,Internet service provider bill,71.94,9.11
2024-02-07,Bills,UPI,Taxi fare for office,307.67,18.41
2024-02-26,Transportation,Cash,Fuel refill at Gas Station Name,513.5,2.93
2024-02-28,Transportation,Debit card,Fuel refill at Gas Station Name,939.48,12.48
2024-02-26,Groceries,UPI,Fuel refill at Gas Station Name,251.9,4.35
2024-02-02,Investment,UPI,Accessories shopping,288.96,10.96
2024-02-06,Bills,UPI,Accessories shopping,221.76,17.46
2024-02-22,Subscription,Cash,monthly metro pass renewal,301.1,11.4
2024-02-11,stationary,UPI,streaming service subscription renewal,432.77,17.26
2024-02-04,stationary,Cash,Taxi fare for office,147.14,6.4
2024-02-15,Groceries,UPI,Fuel refill at Gas Station Name,987.24,2.78
2024-02-05,stationary,UPI,Accessories shopping,174.15,3.58
2024-02-22,Subscription,UPI,Fuel refill at Gas Station Name,457.82,16.55
2024-02-24,Bills,UPI,streaming service subscription renewal,602.7,20.0
2024-02-13,Bills,UPI,Accessories shopping,611.79,4.92
2024-02-03,stationary,Cash,Mobile recharge,42.27,19.24
2024-02-19,Investment,Cash,Internet service provider bill,61.56,0.98
2024-02-19,Bills,Cash,Internet service provider bill,431.87,4.9
2024-02-11,Investment,Debit card,Internet service provider bill,242.02,4.75
2024-02-11,Transportation,UPI,Accessories shopping,327.47,15.38
2024-02-26,Investment,Debit card,Internet service provider bill,356.04,1.58
2024-02-24,Investment,UPI,streaming service subscription renewal,54.53,5.56
2024-02-21,Groceries,Cash,Mobile recharge,392.63,9.49
2024-02-26,stationary,Debit card,Taxi fare for office,189.31,18.38
2024-02-14,Bills,Debit card,streaming service subscription renewal,33.91,14.47
2024-02-11,Bills,UPI,monthly metro pass renewal,674.07,16.89
2024-02-18,Groceries,UPI,Taxi fare for office,184.92,4.91
2024-02-24,Transportation,UPI,Fuel refill at Gas Station Name,101.08,10.02
2024-02-23,Groceries,Debit card,Internet service provider bill,637.01,1.56
2024-02-24,Groceries,Cash,Taxi fare for office,609.1,5.78
2024-02-04,Investment,UPI,monthly metro pass renewal,382.35,19.82
2024-02-17,Subscription,UPI,Accessories shopping,142.32,3.35
2024-02-14,stationary,Debit card,Mobile recharge,706.99,19.59
2024-02-10,Subscription,UPI,streaming service subscription renewal,708.84,14.53
2024-02-27,stationary,Debit card,monthly metro pass renewal,740.49,11.63
2024-02-19,Groceries,Cash,Internet service provider bill,888.14,12.67
2024-02-18,Investment,Cash,monthly metro pass renewal,541.3,8.27
2024-02-08,Transportation,Debit card,Internet service provider bill,756.44,4.08
2024-02-18,Transportation,Debit card,Accessories shopping,194.52,15.05
2024-02-05,Subscription,Debit card,Taxi fare for office,339.45,12.37
2024-02-25,stationary,Debit card,Internet service provider bill,944.46,13.86
2024-02-18,stationary,UPI,Taxi fare for office,138.97,5.77
2024-02-18,Groceries,Cash,monthly metro pass renewal,905.58,14.13
2024-02-02,Bills,Cash,Fuel refill at Gas Station Name,498.06,5.81
2024-02-13,Bills,Debit card,monthly metro pass renewal,840.56,11.65
2024-02-17,Bills,Cash,streaming service subscription renewal,368.56,3.37
2024-02-17,Investment,Cash,Accessories shopping,213.15,4.17
2024-02-08,stationary,Cash,monthly metro pass renewal,602.07,4.62
2024-02-16,Subscription,Cash,streaming service subscription renewal,750.91,13.64
2024-02-28,Transportation,Debit card,monthly metro pass renewal,133.58,19.62
2024-02-20,Bills,Debit card,Accessories shopping,833.32,13.64
2024-02-19,Bills,UPI,Mobile recharge,921.3,10.92
2024-02-18,Subscription,Debit card,Accessories shopping,272.84,17.73
2024-02-01,Transportation,UPI,Internet service provider bill,716.33,20.0
2024-02-11,Investment,UPI,Taxi fare for office,225.66,4.15
2024-02-28,Subscription,Cash,Taxi fare for office,645.64,19.32
2024-02-14,Transportation,Cash,Mobile recharge,993.4,2.71
2024-02-12,Groceries,Debit card,streaming service subscription renewal,845.2,9.8
2024-02-17,Investment,Debit card,Taxi fare for office,757.55,13.89
2024-02-24,Groceries,Debit card,monthly metro pass renewal,132.01,8.69
2024-02-01,Groceries,Debit card,Accessories shopping,654.38,2.97
2024-02-08,Bills,UPI,Internet service provider bill,267.68,10.72
2024-02-05,Transportation,Cash,Fuel refill at Gas Station Name,92.38,3.43
2024-02-16,Bills,Cash,Fuel refill at Gas Station Name,555.25,10.95
2024-02-16,Investment,UPI,Fuel refill at Gas Station Name,474.01,8.85
2024-02-08,Bills,Debit card,streaming service subscription renewal,678.14,16.64
2024-02-20,Subscription,Debit card,Taxi fare for office,984.46,13.86
2024-02-01,Subscription,Debit card,Mobile recharge,983.62,17.19
2024-02-02,Transportation,Debit card,Fuel refill at Gas Station Name,240.82,11.13
2024-02-18,Subscription,UPI,monthly metro pass renewal,697.1,13.88
2024-02-25,Bills,Cash,streaming service subscription renewal,989.3,11.37
2024-02-17,Investment,Debit card,Mobile recharge,862.97,0.54
2024-02-07,stationary,Cash,Taxi fare for office,172.46,4.93
2024-02-15,stationary,UPI,streaming service subscription renewal,359.94,7.22
2024-02-03,Subscription,Debit card,Fuel refill at Gas Station Name,528.89,14.87
2024-02-27,Bills,Cash,monthly metro pass renewal,433.4,15.31
2024-02-13,Investment,UPI,streaming service subscription renewal,160.28,18.52
2024-02-24,stationary,Cash,Internet service provider bill,515.59,16.0
2024-02-24,Bills,Debit card,Taxi fare for office,202.61,5.77
2024-02-27,Subscription,Debit card,streaming service subscription renewal,119.39,16.92
2024-02-26,Groceries,UPI,streaming service subscription renewal,545.52,15.42
2024-02-16,Investment,UPI,streaming service subscription renewal,461.96,16.49
2024-02-20,stationary,Debit card,Mobile recharge,340.32,8.33
2024-02-26,Bills,Cash,Internet service provider bill,206.0,18.32
2024-02-23,Investment,Debit card,streaming service subscription renewal,948.21,4.59
2024-02-18,stationary,Cash,monthly metro pass renewal,164.75,6.03
2024-02-27,Subscription,UPI,Mobile recharge,212.39,10.4
2024-02-09,Groceries,Cash,Mobile recharge,107.11,19.97
2024-03-29,Transportation,Debit card,Fuel refill at Gas Station Name,159.22,16.21
2024-03-07,Transportation,UPI,Taxi fare for office,812.5,0.44
2024-03-21,Transportation,Debit card,Internet service provider bill,271.47,9.44
2024-03-04,Bills,Cash,monthly metro pass renewal,988.69,6.97
2024-03-25,Transportation,Debit card,Accessories shopping,135.38,3.47
2024-03-10,Transportation,UPI,Mobile recharge,688.99,19.09
2024-03-27,Groceries,Cash,monthly metro pass renewal,201.97,15.4
2024-03-17,Investment,UPI,monthly metro pass renewal,23.86,10.94
2024-03-14,Investment,UPI,Accessories shopping,691.77,3.85
2024-03-22,Subscription,Debit card,monthly metro pass renewal,786.31,16.31
2024-03-10,Bills,Cash,monthly metro pass renewal,869.72,0.42
2024-03-04,Bills,UPI,Taxi fare for office,591.08,15.24
2024-03-13,Groceries,UPI,monthly metro pass renewal,940.65,4.71
2024-03-05,Subscription,Cash,Mobile recharge,298.72,17.45
2024-03-03,Bills,UPI,Mobile recharge,283.07,12.98
2024-03-25,Bills,Debit card,Accessories shopping,529.11,10.87
2024-03-10,Subscription,Cash,monthly metro pass renewal,246.81,18.75
2024-03-09,Bills,Debit card,Mobile recharge,408.68,6.63
2024-03-01,Subscription,UPI,Internet service provider bill,755.34,11.68
2024-03-14,Bills,Debit card,streaming service subscription renewal,425.34,14.8
2024-03-12,Investment,Debit card,monthly metro pass renewal,917.58,12.12
2024-03-11,Groceries,Debit card,Accessories shopping,53.54,19.04
2024-03-06,Transportation,UPI,Fuel refill at Gas Station Name,387.48,19.74
2024-03-10,Groceries,UPI,Accessories shopping,91.29,15.64
2024-03-07,Bills,Cash,streaming service subscription renewal,488.44,19.67
2024-03-24,stationary,UPI,Mobile recharge,42.21,17.2
2024-03-13,Groceries,Cash,Mobile recharge,513.97,13.57
2024-03-19,Bills,Cash,Internet service provider bill,415.55,8.36
2024-03-28,Investment,UPI,Taxi fare for office,654.01,1.97
2024-03-01,Subscription,Debit card,Internet service provider bill,689.93,18.72
2024-03-12,Bills,Debit card,Internet service provider bill,182.93,6.83
2024-03-18,Subscription,UPI,monthly metro pass renewal,881.63,15.04
2024-03-26,Transportation,Debit card,Accessories shopping,324.89,5.74
2024-03-30,Bills,Cash,Internet service provider bill,166.66,7.78
2024-03-02,Groceries,Debit card,Mobile recharge,375.9,6.38
2024-03-07,Bills,UPI,Taxi fare for office,326.07,2.81
2024-03-16,Groceries,Cash,Mobile recharge,106.97,17.28
2024-03-07,Investment,UPI,Accessories shopping,274.41,15.26
2024-03-25,Investment,Debit card,Accessories shopping,973.03,11.63
2024-03-13,stationary,Debit card,Internet service provider bill,571.6,2.18
2024-03-19,Transportation,Cash,Internet service provider bill,940.22,3.99
2024-03-03,Subscription,Cash,Internet service provider bill,420.34,6.12
2024-03-21,Transportation,Debit card,streaming service subscription renewal,838.99,5.11
2024-03-27,Transportation,Debit card,Accessories shopping,216.16,1.51
2024-03-03,Investment,UPI,Fuel refill at Gas Station Name,774.83,9.28
2024-03-29,stationary,UPI,Taxi fare for office,708.7,0.95
2024-03-08,Investment,Cash,Accessories shopping,65.43,3.55
2024-03-23,stationary,Debit card,Taxi fare for office,61.0,18.76
2024-03-19,Subscription,Debit card,monthly metro pass renewal,364.72,12.68
2024-03-07,Investment,UPI,Accessories shopping,528.9,16.25
2024-03-19,stationary,UPI,Mobile recharge,691.73,11.28
2024-03-05,Investment,Cash,Internet service provider bill,425.47,18.17
2024-03-23,Subscription,Cash,Fuel refill at Gas Station Name,211.97,17.15
2024-03-04,Groceries,Cash,monthly metro pass renewal,66.76,1.66
2024-03-19,Subscription,UPI,Taxi fare for office,371.85,10.32
2024-03-04,Subscription,Cash,streaming service subscription renewal,196.67,19.31
2024-03-01,Subscription,Cash,monthly metro pass renewal,688.06,14.99
2024-03-24,Bills,UPI,Internet service provider bill,748.28,2.34
2024-03-03,Subscription,Cash,Fuel refill at Gas Station Name,208.67,0.39
2024-03-10,Groceries,Cash,Accessories shopping,529.48,0.68
2024-03-26,Groceries,Debit card,streaming service subscription renewal,690.06,2.33
2024-03-10,Bills,UPI,monthly metro pass renewal,163.79,8.74
2024-03-05,stationary,Debit card,Mobile recharge,593.98,17.05
2024-03-05,Transportation,Cash,Mobile recharge,787.13,12.58
2024-03-25,Bills,Cash,Fuel refill at Gas Station Name,383.19,11.98
2024-03-03,Subscription,Debit card,Fuel refill at Gas Station Name,13.55,1.26
2024-03-10,Investment,UPI,monthly metro pass renewal,694.81,17.79
2024-03-19,Bills,Debit card,Fuel refill at Gas Station Name,619.97,0.97
2024-03-22,stationary,UPI,monthly metro pass renewal,723.64,17.97
2024-03-09,Bills,Cash,Internet service provider bill,457.05,0.27
2024-03-28,Groceries,Cash,Mobile recharge,583.64,4.68
2024-03-04,Transportation,Debit card,Accessories shopping,637.0,16.7
2024-03-30,Subscription,Debit card,streaming service subscription renewal,20.92,14.0
2024-03-04,stationary,Debit card,Taxi fare for office,701.78,3.47
2024-03-22,Subscription,Cash,Internet service provider bill,713.78,13.58
2024-03-04,Investment,Debit card,Accessories shopping,134.35,9.67
2024-03-18,Investment,Debit card,Mobile recharge,91.48,12.46
2024-03-30,stationary,Cash,Mobile recharge,310.77,1.26
2024-03-28,stationary,UPI,Fuel refill at Gas Station Name,687.42,5.09
2024-03-26,Investment,Cash,monthly metro pass renewal,301.23,0.71
2024-03-21,Transportation,Debit card,Mobile recharge,688.93,4.87
2024-03-09,stationary,Cash,Internet service provider bill,835.99,10.23
2024-03-16,Subscription,Cash,Fuel refill at Gas Station Name,958.77,5.81
2024-03-17,Subscription,Cash,streaming service subscription renewal,684.66,18.06
2024-03-12,Groceries,UPI,Fuel refill at Gas Station Name,534.92,10.86
2024-03-14,Subscription,Cash,streaming service subscription renewal,543.81,5.24
2024-03-17,stationary,Cash,monthly metro pass renewal,599.69,3.73
2024-03-07,Groceries,Debit card,Accessories shopping,89.05,5.76
2024-03-25,Bills,Cash,monthly metro pass renewal,845.72,13.72
2024-03-28,Groceries,Debit card,Fuel refill at Gas Station Name,863.87,6.42
2024-03-22,stationary,UPI,Fuel refill at Gas Station Name,374.37,12.42
2024-03-24,Transportation,UPI,Taxi fare for office,286.35,8.19
2024-03-30,Investment,Debit card,monthly metro pass renewal,161.3,1.87
2024-03-01,Subscription,Cash,monthly metro pass renewal,558.76,7.33
2024-03-21,stationary,UPI,Taxi fare for office,966.37,16.31
2024-03-17,Groceries,UPI,Fuel refill at Gas Station Name,379.85,17.08
2024-03-01,Bills,Cash,monthly metro pass renewal,293.33,12.55
2024-03-24,Groceries,Debit card,Mobile recharge,753.62,14.21
2024-03-15,Transportation,Cash,streaming service subscription renewal,542.52,1.01
2024-03-20,Transportation,UPI,monthly metro pass renewal,48.26,4.3
2024-04-22,stationary,UPI,Fuel refill at Gas Station Name,755.67,18.79
2024-04-07,Investment,Debit card,Taxi fare for office,440.0,1.06
2024-04-21,Bills,Cash,Internet service provider bill,483.25,2.14
2024-04-17,Groceries,Debit card,Fuel refill at Gas Station Name,711.52,14.53
2024-04-23,stationary,Cash,Internet service provider bill,276.05,13.47
2024-04-18,Transportation,Debit card,Fuel refill at Gas Station Name,561.15,11.48
2024-04-25,stationary,Cash,Accessories shopping,244.42,12.07
2024-04-24,Investment,Cash,Accessories shopping,303.02,11.69
2024-04-22,Bills,Debit card,Fuel refill at Gas Station Name,326.25,13.83
2024-04-27,stationary,Cash,Taxi fare for office,513.47,7.14
2024-04-27,Subscription,Debit card,Fuel refill at Gas Station Name,412.9,8.35
2024-04-01,Investment,Cash,monthly metro pass renewal,838.47,7.22
2024-04-08,Investment,Cash,Mobile recharge,274.81,5.7
2024-04-15,Transportation,Cash,Taxi fare for office,623.48,12.01
2024-04-28,Transportation,UPI,Accessories shopping,609.57,9.47
2024-04-26,Investment,Debit card,streaming service subscription renewal,781.69,12.57
2024-04-18,Investment,Cash,streaming service subscription renewal,181.06,13.72
2024-04-01,Subscription,Debit card,streaming service subscription renewal,367.94,12.67
2024-04-25,Subscription,UPI,Mobile recharge,485.77,8.56
2024-04-18,stationary,UPI,monthly metro pass renewal,422.19,18.12
2024-04-13,stationary,Cash,Taxi fare for office,73.34,19.35
2024-04-13,Bills,Debit card,Accessories shopping,790.4,2.26
2024-04-02,Investment,Cash,streaming service subscription renewal,938.12,10.01
2024-04-18,stationary,Debit card,monthly metro pass renewal,130.43,3.19
2024-04-24,Subscription,Debit card,Accessories shopping,48.86,6.37
2024-04-20,Investment,Cash,streaming service subscription renewal,424.52,8.54
2024-04-22,Transportation,Debit card,Taxi fare for office,300.43,0.82
2024-04-06,Subscription,Cash,Accessories shopping,312.57,12.36
2024-04-09,Transportation,Cash,Taxi fare for office,23.48,18.1
2024-04-08,Groceries,Debit card,streaming service subscription renewal,608.04,2.6
2024-04-02,Transportation,Debit card,Accessories shopping,662.37,13.31
2024-04-02,Groceries,UPI,monthly metro pass renewal,192.01,11.24
2024-04-15,Investment,UPI,Internet service provider bill,29.63,10.08
2024-04-24,Investment,Debit card,Internet service provider bill,498.69,14.2
2024-04-08,Transportation,Cash,Accessories shopping,667.12,3.25
2024-04-27,Investment,UPI,Taxi fare for office,502.5,11.3
2024-04-18,Groceries,Debit card,monthly metro pass renewal,113.93,14.2
2024-04-27,Investment,Cash,Fuel refill at Gas Station Name,705.84,14.09
2024-04-01,Transportation,UPI,streaming service subscription renewal,541.52,5.3
2024-04-25,Subscription,Debit card,Fuel refill at Gas Station Name,432.05,8.92
2024-04-11,Bills,Debit card,monthly metro pass renewal,870.78,16.57
2024-04-05,stationary,Debit card,Taxi fare for office,819.9,17.48
2024-04-04,Bills,Cash,Fuel refill at Gas Station Name,287.09,4.79
2024-04-29,stationary,Cash,monthly metro pass renewal,304.4,5.95
2024-04-03,Transportation,UPI,streaming service subscription renewal,719.73,18.89
2024-04-25,Groceries,UPI,Internet service provider bill,964.6,8.54
2024-04-10,Subscription,Debit card,streaming service subscription renewal,956.66,15.52
2024-04-14,Investment,UPI,Fuel refill at Gas Station Name,826.14,9.31
2024-04-05,Bills,UPI,Accessories shopping,146.46,19.79
2024-04-14,Groceries,UPI,Mobile recharge,362.41,3.8
2024-04-20,Investment,Cash,Fuel refill at Gas Station Name,245.71,11.28
2024-04-26,Investment,UPI,Taxi fare for office,386.65,14.02
2024-04-24,Groceries,Debit card,Accessories shopping,366.85,17.22
2024-04-25,Groceries,UPI,monthly metro pass renewal,588.52,4.13
2024-04-03,Subscription,Debit card,Taxi fare for office,985.45,7.99
2024-04-10,Groceries,Cash,Fuel refill at Gas Station Name,328.24,0.19
2024-04-05,Transportation,UPI,Fuel refill at Gas Station Name,320.63,18.36
2024-04-05,stationary,UPI,streaming service subscription renewal,278.16,18.61
2024-04-03,Bills,Debit card,Internet service provider bill,315.08,19.75
2024-04-23,Subscription,UPI,Accessories shopping,274.04,1.71
2024-04-06,Bills,Cash,monthly metro pass renewal,323.23,1.2
2024-04-10,Subscription,Debit card,streaming service subscription renewal,850.73,5.67
2024-04-22,Groceries,Cash,Taxi fare for office,468.05,11.2
2024-04-17,Investment,Cash,streaming service subscription renewal,234.55,5.78
2024-04-27,Bills,Debit card,Fuel refill at Gas Station Name,961.68,17.29
2024-04-15,Subscription,UPI,Internet service provider bill,770.46,10.64
2024-04-03,Subscription,UPI,Internet service provider bill,545.5,3.15
2024-04-24,Bills,Cash,streaming service subscription renewal,912.6,5.7
2024-04-27,Transportation,Cash,Fuel refill at Gas Station Name,367.12,8.15
2024-04-23,Transportation,Cash,Fuel refill at Gas Station Name,416.16,16.06
2024-04-20,stationary,UPI,Fuel refill at Gas Station Name,752.59,3.77
2024-04-19,Transportation,Cash,Mobile recharge,462.81,7.36
2024-04-28,Transportation,Cash,streaming service subscription renewal,506.07,13.79
2024-04-23,stationary,UPI,monthly metro pass renewal,570.7,10.12
2024-04-28,stationary,Debit card,Internet service provider bill,797.05,19.58
2024-04-26,Subscription,UPI,Taxi fare for office,330.25,5.36
2024-04-05,Transportation,Debit card,monthly metro pass renewal,259.27,4.22
2024-04-20,Transportation,Debit card,monthly metro pass renewal,310.12,7.75
2024-04-10,Transportation,Cash,Mobile recharge,829.68,10.38
2024-04-03,Groceries,Cash,monthly metro pass renewal,364.18,17.95
2024-04-01,Investment,Debit card,Taxi fare for office,877.84,17.59
2024-04-27,Groceries,Debit card,Internet service provider bill,798.13,1.57
2024-04-28,Groceries,UPI,streaming service subscription renewal,406.42,16.88
2024-04-23,Transportation,Debit card,streaming service subscription renewal,191.5,10.49
2024-04-13,Transportation,Debit card,Taxi fare for office,935.0,17.74
2024-04-22,Groceries,Debit card,streaming service subscription renewal,907.24,19.67
2024-04-12,stationary,Debit card,Taxi fare for office,421.12,9.83
2024-04-23,stationary,Cash,monthly metro pass renewal,561.99,12.78
2024-04-06,Bills,UPI,Mobile recharge,764.32,15.19
2024-04-08,Groceries,UPI,Mobile recharge,467.59,16.32
2024-04-26,stationary,Cash,streaming service subscription renewal,226.0,15.03
2024-04-22,Investment,Cash,Mobile recharge,913.92,14.59
2024-04-09,Subscription,Cash,Accessories shopping,71.95,10.48
2024-04-07,Bills,UPI,Taxi fare for office,306.53,15.71
2024-04-18,stationary,UPI,streaming service subscription renewal,908.73,19.36
2024-04-22,Subscription,UPI,Mobile recharge,914.36,7.24
2024-04-16,Investment,Debit card,Fuel refill at Gas Station Name,598.77,2.27
2024-04-23,Subscription,Cash,Fuel refill at Gas Station Name,348.14,0.38
2024-04-15,Bills,Debit card,Taxi fare for office,61.92,10.9
2024-04-28,Bills,UPI,Mobile recharge,499.67,16.38
2024-05-17,Transportation,UPI,Taxi fare for office,732.03,7.81
2024-05-19,Subscription,Debit card,Internet service provider bill,944.39,7.11
2024-05-01,stationary,Cash,Internet service provider bill,919.94,11.63
2024-05-28,Groceries,UPI,Fuel refill at Gas Station Name,440.19,2.65
2024-05-16,Subscription,Debit card,Fuel refill at Gas Station Name,869.45,3.55
2024-05-20,Investment,Debit card,monthly metro pass renewal,992.01,12.6
2024-05-17,Subscription,Cash,Internet service provider bill,708.58,12.69
2024-05-30,Investment,Cash,streaming service subscription renewal,930.81,2.9
2024-05-14,Transportation,UPI,Internet service provider bill,710.47,17.96
2024-05-27,stationary,Cash,monthly metro pass renewal,596.87,5.9
2024-05-23,Investment,Cash,streaming service subscription renewal,219.93,8.48
2024-05-21,Groceries,Debit card,Accessories shopping,178.76,11.75
2024-05-17,stationary,UPI,Taxi fare for office,202.04,16.11
2024-05-19,Bills,Debit card,monthly metro pass renewal,346.61,14.19
2024-05-17,Subscription,UPI,streaming service subscription renewal,434.29,3.18
2024-05-27,Bills,UPI,Internet service provider bill,851.65,19.71
2024-05-17,Transportation,Debit card,monthly metro pass renewal,741.97,9.46
2024-05-29,Groceries,Debit card,streaming service subscription renewal,117.58,8.27
2024-05-17,Subscription,UPI,streaming service subscription renewal,509.22,19.33
2024-05-24,stationary,Debit card,Taxi fare for office,820.35,9.81
2024-05-13,Investment,Cash,monthly metro pass renewal,931.61,16.29
2024-05-15,stationary,Debit card,Fuel refill at Gas Station Name,304.87,12.72
2024-05-03,Groceries,Cash,monthly metro pass renewal,585.53,1.44
2024-05-24,Subscription,Cash,Mobile recharge,104.17,16.32
2024-05-06,Investment,UPI,Mobile recharge,435.99,12.96
2024-05-11,Transportation,Cash,streaming service subscription renewal,749.36,10.23
2024-05-20,Groceries,Debit card,streaming service subscription renewal,435.13,17.67
2024-05-06,Bills,Debit card,Accessories shopping,655.29,6.24
2024-05-04,Investment,UPI,Fuel refill at Gas Station Name,849.16,6.77
2024-05-25,Bills,UPI,Fuel refill at Gas Station Name,95.93,11.35
2024-05-16,Transportation,UPI,streaming service subscription renewal,883.16,11.6
2024-05-27,Groceries,UPI,Accessories shopping,909.72,7.7
2024-05-10,Subscription,UPI,streaming service subscription renewal,419.87,19.02
2024-05-04,Subscription,Debit card,Taxi fare for office,47.7,11.79
2024-05-18,stationary,UPI,streaming service subscription renewal,661.55,13.43
2024-05-18,Groceries,UPI,monthly metro pass renewal,143.2,2.79
2024-05-25,Bills,Debit card,monthly metro pass renewal,744.83,16.51
2024-05-21,Bills,UPI,Accessories shopping,172.16,3.6
2024-05-03,Subscription,Debit card,Accessories shopping,696.98,3.48
2024-05-07,Investment,UPI,streaming service subscription renewal,622.15,9.26
2024-05-11,Transportation,Cash,Accessories shopping,324.21,4.12
2024-05-11,Bills,UPI,Internet service provider bill,855.23,8.06
2024-05-18,Subscription,Debit card,Fuel refill at Gas Station Name,821.75,14.66
2024-05-22,Transportation,Debit card,Fuel refill at Gas Station Name,887.63,10.34
2024-05-01,Investment,Cash,Mobile recharge,21.96,5.11
2024-05-01,Groceries,Cash,Fuel refill at Gas Station Name,14.99,16.04
2024-05-03,stationary,Debit card,monthly metro pass renewal,193.18,10.2
2024-05-23,stationary,Debit card,Taxi fare for office,297.96,3.21
2024-05-26,stationary,UPI,Accessories shopping,266.77,3.11
2024-05-19,Investment,Cash,Internet service provider bill,199.65,18.36
2024-05-05,Transportation,Debit card,Mobile recharge,639.33,12.94
2024-05-07,Subscription,UPI,Taxi fare for office,435.96,16.02
2024-05-12,Subscription,UPI,Mobile recharge,994.16,14.48
2024-05-29,Subscription,Cash,streaming service subscription renewal,725.21,14.66
2024-05-07,Transportation,Cash,Taxi fare for office,184.97,14.46
2024-05-14,Groceries,Debit card,streaming service subscription renewal,831.39,9.9
2024-05-26,Subscription,UPI,Internet service provider bill,206.98,5.25
2024-05-20,Transportation,Cash,monthly metro pass renewal,294.1,13.57
2024-05-01,stationary,Debit card,Taxi fare for office,299.02,4.85
2024-05-28,Groceries,Cash,monthly metro pass renewal,421.15,0.86
2024-05-07,Subscription,UPI,Fuel refill at Gas Station Name,44.64,18.02
2024-05-16,stationary,UPI,Internet service provider bill,554.43,9.81
2024-05-30,Investment,Debit card,Taxi fare for office,457.77,19.77
2024-05-28,Investment,Cash,monthly metro pass renewal,188.32,11.82
2024-05-09,stationary,UPI,Internet service provider bill,784.33,2.2
2024-05-14,Bills,Cash,Taxi fare for office,328.96,11.63
2024-05-26,Investment,Cash,Mobile recharge,177.7,5.34
2024-05-11,Subscription,Cash,Mobile recharge,51.56,8.74
2024-05-16,stationary,Cash,Fuel refill at Gas Station Name,369.68,3.35
2024-05-05,Bills,UPI,Accessories shopping,611.56,12.44
2024-05-26,stationary,UPI,Mobile recharge,397.31,9.1
2024-05-27,Bills,Cash,Fuel refill at Gas Station Name,769.23,11.0
2024-05-30,Groceries,Cash,Fuel refill at Gas Station Name,890.53,0.16
2024-05-17,stationary,Debit card,Fuel refill at Gas Station Name,831.18,0.55
2024-05-05,stationary,Debit card,Mobile recharge,353.99,15.2
2024-05-01,Investment,Cash,Fuel refill at Gas Station Name,839.42,9.76
2024-05-09,Subscription,UPI,Internet service provider bill,261.67,9.18
2024-05-15,Subscription,UPI,streaming service subscription renewal,706.44,19.46
2024-05-14,Subscription,Cash,monthly metro pass renewal,361.8,13.22
2024-05-04,Subscription,Debit card,monthly metro pass renewal,150.35,19.94
2024-05-14,Transportation,UPI,Mobile recharge,344.36,19.14
2024-05-04,stationary,UPI,Mobile recharge,705.79,17.59
2024-05-13,Investment,Debit card,Taxi fare for office,685.61,15.47
2024-05-29,stationary,Cash,Fuel refill at Gas Station Name,228.53,11.03
2024-05-16,Subscription,Cash,Internet service provider bill,343.13,0.22
2024-05-29,Investment,Debit card,Mobile recharge,261.87,18.45
2024-05-03,stationary,Cash,Internet service provider bill,113.35,12.21
2024-05-30,Subscription,Debit card,monthly metro pass renewal,434.7,12.89
2024-05-29,Investment,Cash,Internet service provider bill,952.63,6.05
2024-05-16,Investment,Cash,monthly metro pass renewal,577.88,16.96
2024-05-18,stationary,UPI,Accessories shopping,81.12,1.84
2024-05-23,stationary,Debit card,Accessories shopping,755.87,11.82
2024-05-10,Investment,Debit card,Taxi fare for office,880.96,10.06
2024-05-17,Investment,UPI,Mobile recharge,232.93,17.83
2024-05-11,Groceries,Cash,streaming service subscription renewal,399.9,2.27
2024-05-11,Transportation,Cash,streaming service subscription renewal,340.45,1.22
2024-05-08,Bills,Debit card,Internet service provider bill,729.83,19.33
2024-05-28,Bills,UPI,Internet service provider bill,964.52,8.53
2024-05-20,Investment,Debit card,streaming service subscription renewal,864.51,11.04
2024-05-10,Bills,UPI,Taxi fare for office,125.62,5.42
2024-06-03,Transportation,Debit card,streaming service subscription renewal,89.75,17.65
2024-06-27,Transportation,Debit card,Taxi fare for office,783.42,4.1
2024-06-10,Bills,UPI,Accessories shopping,261.04,9.3
2024-06-22,Bills,Debit card,Mobile recharge,767.92,8.92
2024-06-21,Subscription,Cash,streaming service subscription renewal,126.63,5.62
2024-06-01,Groceries,Debit card,Internet service provider bill,413.17,10.2
2024-06-22,Transportation,Cash,monthly metro pass renewal,766.17,16.33
2024-06-12,Transportation,UPI,Fuel refill at Gas Station Name,298.9,13.99
2024-06-17,Subscription,Cash,Taxi fare for office,327.91,15.5
2024-06-04,stationary,Cash,Internet service provider bill,44.07,10.43
2024-06-11,Investment,Cash,Accessories shopping,692.95,13.67
2024-06-19,Bills,UPI,Fuel refill at Gas Station Name,705.1,0.66
2024-06-19,Bills,Cash,Internet service provider bill,398.42,11.29
2024-06-02,Bills,Debit card,Mobile recharge,556.87,6.01
2024-06-21,Subscription,Cash,monthly metro pass renewal,436.18,12.76
2024-06-04,Investment,UPI,streaming service subscription renewal,932.61,17.51
2024-06-08,Subscription,UPI,Accessories shopping,671.97,9.21
2024-06-06,Groceries,Cash,monthly metro pass renewal,600.76,0.22
2024-06-18,Transportation,Cash,Taxi fare for office,173.81,2.09
2024-06-17,Groceries,Cash,Internet service provider bill,720.47,18.24
2024-06-26,Transportation,UPI,monthly metro pass renewal,161.66,19.85
2024-06-23,stationary,Cash,Fuel refill at Gas Station Name,600.99,3.69
2024-06-06,Groceries,UPI,Taxi fare for office,480.52,17.49
2024-06-21,Groceries,Cash,Internet service provider bill,969.23,16.3
2024-06-17,stationary,UPI,monthly metro pass renewal,849.7,18.32
2024-06-23,stationary,Debit card,Taxi fare for office,342.3,12.39
2024-06-19,Transportation,Debit card,Internet service provider bill,304.33,19.14
2024-06-29,Bills,UPI,Accessories shopping,778.58,19.46
2024-06-12,Transportation,UPI,streaming service subscription renewal,240.13,13.05
2024-06-26,Groceries,UPI,Mobile recharge,13.55,3.38
2024-06-25,Transportation,UPI,monthly metro pass renewal,773.84,19.96
2024-06-22,Transportation,UPI,monthly metro pass renewal,669.68,11.0
2024-06-16,Bills,Cash,streaming service subscription renewal,576.27,10.99
2024-06-13,Transportation,Cash,monthly metro pass renewal,984.44,6.26
2024-06-04,Transportation,Cash,Taxi fare for office,780.54,14.52
2024-06-24,Subscription,Cash,Taxi fare for office,461.16,4.71
2024-06-20,Bills,Cash,Accessories shopping,988.34,1.17
2024-06-20,Bills,UPI,Taxi fare for office,635.18,6.33
2024-06-28,Investment,UPI,monthly metro pass renewal,818.73,8.18
2024-06-25,Bills,UPI,monthly metro pass renewal,706.58,12.79
2024-06-17,stationary,Debit card,Accessories shopping,433.71,14.74
2024-06-27,Transportation,Debit card,Accessories shopping,400.18,19.13
2024-06-24,Groceries,Cash,Fuel refill at Gas Station Name,305.65,15.24
2024-06-23,stationary,Debit card,Accessories shopping,428.73,1.51
2024-06-21,Groceries,Debit card,Mobile recharge,904.02,13.08
2024-06-09,Subscription,UPI,Taxi fare for office,583.46,6.58
2024-06-11,Bills,Debit card,streaming service subscription renewal,854.58,18.17
2024-06-12,Groceries,Cash,Mobile recharge,881.95,0.79
2024-06-06,Bills,UPI,Accessories shopping,895.96,1.54
2024-06-17,Bills,Cash,monthly metro pass renewal,455.35,3.45
2024-06-11,Bills,Cash,Taxi fare for office,198.47,1.16
2024-06-05,Transportation,Debit card,Fuel refill at Gas Station Name,175.4,3.39
2024-06-08,Groceries,Debit card,Taxi fare for office,957.98,2.17
2024-06-19,Investment,Cash,Accessories shopping,457.41,19.68
2024-06-16,stationary,Debit card,Internet service provider bill,355.61,0.67
2024-06-26,Investment,UPI,Fuel refill at Gas Station Name,279.96,11.75
2024-06-07,Investment,UPI,Mobile recharge,947.45,15.68
2024-06-15,Subscription,Debit card,Accessories shopping,990.59,2.13
2024-06-01,Subscription,Debit card,Mobile recharge,459.29,5.01
2024-06-05,stationary,Debit card,Fuel refill at Gas Station Name,221.69,0.84
2024-06-13,Groceries,Cash,Accessories shopping,241.98,14.3
2024-06-04,Transportation,Debit card,Taxi fare for office,444.89,8.71
2024-06-12,Bills,Cash,Internet service provider bill,309.86,2.96
2024-06-26,Groceries,Debit card,streaming service subscription renewal,171.77,5.87
2024-06-18,Bills,UPI,Accessories shopping,447.29,9.83
2024-06-22,stationary,UPI,Accessories shopping,538.49,7.35
2024-06-04,Investment,UPI,Taxi fare for office,714.66,1.7
2024-06-18,Bills,UPI,streaming service subscription renewal,309.33,12.15
2024-06-21,Bills,Cash,Taxi fare for office,795.97,5.89
2024-06-02,Investment,Cash,Accessories shopping,419.72,0.13
2024-06-10,Groceries,Debit card,streaming service subscription renewal,969.75,17.76
2024-06-02,stationary,Debit card,Fuel refill at Gas Station Name,551.38,7.67
2024-06-14,stationary,Debit card,Fuel refill at Gas Station Name,896.44,13.88
2024-06-14,Transportation,Cash,Accessories shopping,173.42,13.3
2024-06-25,Groceries,UPI,monthly metro pass renewal,621.06,8.61
2024-06-05,Subscription,UPI,Mobile recharge,931.48,18.88
2024-06-28,Transportation,Cash,Fuel refill at Gas Station Name,795.35,11.71
2024-06-01,Transportation,Cash,Taxi fare for office,682.05,17.59
2024-06-10,Investment,Cash,Mobile recharge,213.7,13.63
2024-06-14,Bills,Debit card,Fuel refill at Gas Station Name,747.41,19.23
2024-06-20,stationary,Cash,Fuel refill at Gas Station Name,562.78,8.86
2024-06-06,Subscription,Debit card,Fuel refill at Gas Station Name,231.94,15.13
2024-06-09,Groceries,Cash,streaming service subscription renewal,933.09,2.72
2024-06-12,Subscription,Cash,Accessories shopping,308.15,2.1
2024-06-15,Transportation,Debit card,Fuel refill at Gas Station Name,668.86,6.56
2024-06-07,Bills,Debit card,monthly metro pass renewal,694.38,4.07
2024-06-10,Groceries,Debit card,Fuel refill at Gas Station Name,310.44,16.5
2024-06-15,stationary,UPI,Taxi fare for office,205.96,15.61
2024-06-02,stationary,Debit card,Mobile recharge,854.28,14.78
2024-06-13,Transportation,Debit card,Taxi fare for office,696.27,13.99
2024-06-19,Investment,UPI,streaming service subscription renewal,298.35,8.81
2024-06-22,Transportation,Cash,monthly metro pass renewal,741.28,11.14
2024-06-16,Investment,Cash,Taxi fare for office,891.24,14.63
2024-06-22,Subscription,UPI,streaming service subscription renewal,108.31,18.45
2024-06-15,Subscription,UPI,Mobile recharge,753.31,8.8
2024-06-11,Transportation,UPI,Taxi fare for office,560.0,5.66
2024-06-08,Bills,Debit card,Fuel refill at Gas Station Name,990.32,13.76
2024-06-13,Groceries,Cash,Fuel refill at Gas Station Name,490.14,9.34
2024-06-23,Subscription,Cash,Internet service provider bill,810.21,14.91
2024-06-04,Groceries,Cash,Mobile recharge,882.94,4.16
2024-07-09,Groceries,Cash,Fuel refill at Gas Station Name,801.12,4.12
2024-07-04,stationary,Cash,Fuel refill at Gas Station Name,896.27,3.9
2024-07-28,Groceries,UPI,streaming service subscription renewal,249.93,17.41
2024-07-13,Investment,UPI,Accessories shopping,937.73,8.35
2024-07-06,Bills,Cash,Fuel refill at Gas Station Name,615.79,4.46
2024-07-11,Investment,UPI,streaming service subscription renewal,439.82,1.82
2024-07-19,Subscription,UPI,streaming service subscription renewal,404.98,11.54
2024-07-04,Investment,Debit card,Fuel refill at Gas Station Name,960.48,0.36
2024-07-05,Bills,UPI,Taxi fare for office,112.2,12.12
2024-07-25,Transportation,Cash,Taxi fare for office,449.32,13.88
2024-07-03,stationary,Cash,Fuel refill at Gas Station Name,47.79,0.96
2024-07-12,Groceries,UPI,Internet service provider bill,153.1,3.02
2024-07-30,Groceries,Cash,Taxi fare for office,312.29,10.88
2024-07-16,Subscription,Debit card,streaming service subscription renewal,822.42,6.28
2024-07-07,Bills,UPI,Mobile recharge,816.08,9.81
2024-07-01,Subscription,UPI,Accessories shopping,631.38,8.68
2024-07-12,Groceries,Debit card,Fuel refill at Gas Station Name,622.9,2.21
2024-07-27,Groceries,Cash,Accessories shopping,905.05,1.48
2024-07-19,Investment,Cash,streaming service subscription renewal,350.74,7.44
2024-07-07,Bills,UPI,Mobile recharge,924.52,3.41
2024-07-18,Groceries,Debit card,Internet service provider bill,626.42,18.39
2024-07-22,Investment,Debit card,Fuel refill at Gas Station Name,404.67,13.11
2024-07-25,Bills,UPI,Mobile recharge,200.9,4.91
2024-07-24,Subscription,Debit card,Fuel refill at Gas Station Name,35.42,16.49
2024-07-21,Subscription,UPI,streaming service subscription renewal,948.63,3.11
2024-07-08,stationary,Cash,Taxi fare for office,325.34,18.13
2024-07-21,Investment,Debit card,Mobile recharge,830.65,9.12
2024-07-21,Subscription,UPI,Fuel refill at Gas Station Name,883.42,14.04
2024-07-08,Investment,UPI,streaming service subscription renewal,645.97,5.51
2024-07-24,stationary,UPI,streaming service subscription renewal,791.74,8.48
2024-07-03,Subscription,Debit card,Fuel refill at Gas Station Name,908.98,14.04
2024-07-03,Groceries,Cash,Mobile recharge,822.24,19.44
2024-07-22,Subscription,Debit card,Mobile recharge,939.79,6.64
2024-07-20,Subscription,UPI,Internet service provider bill,291.0,17.01
2024-07-29,stationary,Debit card,Internet service provider bill,732.73,15.11
2024-07-20,Investment,Cash,Accessories shopping,174.46,9.45
2024-07-20,stationary,Debit card,streaming service subscription renewal,779.4,0.07
2024-07-10,Investment,Cash,Taxi fare for office,771.56,15.58
2024-07-21,Groceries,Cash,Accessories shopping,685.53,17.85
2024-07-27,Bills,Cash,streaming service subscription renewal,941.79,12.64
2024-07-12,Transportation,Cash,Accessories shopping,174.38,3.64
2024-07-14,Investment,Cash,streaming service subscription renewal,81.67,6.72
2024-07-12,Transportation,Debit card,monthly metro pass renewal,119.05,11.34
2024-07-29,Subscription,Cash,streaming service subscription renewal,39.6,3.11
2024-07-01,Investment,Debit card,streaming service subscription renewal,355.89,4.58
2024-07-06,Bills,Cash,Internet service provider bill,396.87,12.71
2024-07-08,Bills,UPI,Mobile recharge,955.43,4.34
2024-07-30,Groceries,Cash,Mobile recharge,318.18,14.85
2024-07-19,Subscription,Debit card,Taxi fare for office,480.59,16.4
2024-07-01,Transportation,Debit card,Fuel refill at Gas Station Name,306.85,5.19
2024-07-17,Transportation,Debit card,Internet service provider bill,302.33,14.72
2024-07-20,Investment,UPI,Accessories shopping,502.3,5.97
2024-07-18,Investment,Cash,Internet service provider bill,201.86,19.88
2024-07-27,Transportation,UPI,Fuel refill at Gas Station Name,802.46,12.21
2024-07-30,Transportation,Cash,streaming service subscription renewal,623.2,3.15
2024-07-08,Bills,UPI,monthly metro pass renewal,357.51,11.75
2024-07-23,Transportation,Cash,Taxi fare for office,433.3,10.9
2024-07-14,Investment,UPI,Taxi fare for office,404.99,8.36
2024-07-30,Groceries,Debit card,Mobile recharge,264.91,7.36
2024-07-01,stationary,UPI,Taxi fare for office,181.56,10.95
2024-07-08,stationary,UPI,streaming service subscription renewal,647.18,18.5
2024-07-02,Investment,UPI,Mobile recharge,978.24,15.39
2024-07-12,Bills,Debit card,Taxi fare for office,589.35,12.52
2024-07-01,Transportation,Cash,streaming service subscription renewal,881.62,3.54
2024-07-05,stationary,Debit card,monthly metro pass renewal,575.4,19.03
2024-07-05,Groceries,UPI,Internet service provider bill,999.47,16.04
2024-07-20,Transportation,UPI,Internet service provider bill,496.67,5.09
2024-07-02,Subscription,UPI,monthly metro pass renewal,792.97,16.84
2024-07-28,Bills,Cash,monthly metro pass renewal,875.38,16.46
2024-07-24,Transportation,Debit card,streaming service subscription renewal,504.46,16.86
2024-07-28,stationary,UPI,Taxi fare for office,222.3,2.46
2024-07-29,Bills,Cash,Fuel refill at Gas Station Name,710.74,0.36
2024-07-12,Subscription,Cash,Fuel refill at Gas Station Name,516.57,18.16
2024-07-10,Groceries,UPI,Mobile recharge,410.27,1.8
2024-07-30,Groceries,Cash,Accessories shopping,787.19,18.19
2024-07-25,Groceries,Debit card,Internet service provider bill,564.79,4.57
2024-07-23,Investment,Debit card,Taxi fare for office,218.06,7.14
2024-07-06,Bills,Debit card,Mobile recharge,64.81,7.2
2024-07-22,Transportation,Debit card,Mobile recharge,112.0,0.33
2024-07-01,Transportation,Debit card,monthly metro pass renewal,132.77,13.71
2024-07-24,Subscription,UPI,Fuel refill at Gas Station Name,341.56,19.54
2024-07-10,Subscription,UPI,Fuel refill at Gas Station Name,267.32,8.09
2024-07-09,Bills,UPI,streaming service subscription renewal,15.65,15.56
2024-07-14,Investment,Cash,Taxi fare for office,691.79,6.95
2024-07-09,Transportation,UPI,streaming service subscription renewal,252.97,0.89
2024-07-30,stationary,Cash,Fuel refill at Gas Station Name,565.56,3.33
2024-07-02,Transportation,Debit card,streaming service subscription renewal,247.78,12.16
2024-07-03,Groceries,UPI,Fuel refill at Gas Station Name,78.87,1.13
2024-07-08,stationary,Debit card,Mobile recharge,298.03,15.95
2024-07-02,stationary,Cash,Fuel refill at Gas Station Name,406.5,9.05
2024-07-11,Transportation,Cash,Accessories shopping,698.47,1.09
2024-07-25,Bills,Debit card,Taxi fare for office,137.81,4.32
2024-07-09,Groceries,Cash,Taxi fare for office,247.51,8.67
2024-07-16,stationary,Cash,Internet service provider bill,437.65,0.83
2024-07-18,Subscription,UPI,Taxi fare for office,126.14,3.84
2024-07-01,Groceries,UPI,Internet service provider bill,935.01,18.44
2024-07-18,stationary,Cash,Accessories shopping,418.7,9.51
2024-07-29,Groceries,UPI,monthly metro pass renewal,313.07,15.22
2024-07-11,Subscription,UPI,Taxi fare for office,211.35,1.88
2024-07-14,Investment,Cash,Taxi fare for office,836.35,1.26
2024-08-08,Subscription,Cash,Internet service provider bill,871.22,1.62
2024-08-18,Investment,Cash,Accessories shopping,627.19,9.14
2024-08-22,Transportation,UPI,streaming service subscription renewal,936.34,0.23
2024-08-10,Bills,Debit card,Fuel refill at Gas Station Name,16.66,16.94
2024-08-07,Transportation,Debit card,Taxi fare for office,510.66,7.18
2024-08-07,Subscription,UPI,Internet service provider bill,921.66,6.86
2024-08-09,Bills,UPI,streaming service subscription renewal,210.73,5.05
2024-08-01,Subscription,Debit card,Fuel refill at Gas Station Name,772.62,8.57
2024-08-01,Groceries,Debit card,Taxi fare for office,789.01,9.99
2024-08-02,Investment,Cash,Taxi fare for office,504.61,14.52
2024-08-18,Transportation,Debit card,monthly metro pass renewal,549.53,6.13
2024-08-03,Subscription,UPI,Fuel refill at Gas Station Name,488.26,2.32
2024-08-20,Investment,Cash,Internet service provider bill,922.97,13.55
2024-08-22,Transportation,Cash,monthly metro pass renewal,94.52,6.28
2024-08-09,Investment,Debit card,Internet service provider bill,661.88,5.17
2024-08-15,Investment,Debit card,monthly metro pass renewal,739.33,15.8
2024-08-12,stationary,Cash,Internet service provider bill,470.08,16.71
2024-08-05,Investment,UPI,Fuel refill at Gas Station Name,149.33,13.92
2024-08-07,stationary,UPI,Mobile recharge,588.22,10.48
2024-08-10,Groceries,UPI,Fuel refill at Gas Station Name,572.49,19.17
2024-08-01,stationary,Cash,monthly metro pass renewal,934.73,12.28
2024-08-20,stationary,Cash,Mobile recharge,682.92,10.21
2024-08-22,Transportation,Cash,monthly metro pass renewal,428.31,6.68
2024-08-21,Subscription,Debit card,monthly metro pass renewal,117.14,5.69
2024-08-27,stationary,Debit card,Taxi fare for office,38.17,16.54
2024-08-25,stationary,Cash,Taxi fare for office,824.16,17.29
2024-08-03,Bills,UPI,Fuel refill at Gas Station Name,668.44,1.39
2024-08-28,Bills,UPI,Accessories shopping,806.42,18.03
2024-08-10,stationary,UPI,Taxi fare for office,587.27,16.88
2024-08-05,Investment,Cash,monthly metro pass renewal,730.55,0.29
2024-08-30,Investment,UPI,Internet service provider bill,768.18,5.26
2024-08-06,Groceries,Cash,monthly metro pass renewal,216.01,3.42
2024-08-04,Investment,Cash,Mobile recharge,801.99,17.55
2024-08-02,Investment,UPI,Taxi fare for office,837.72,14.22
2024-08-28,Bills,UPI,Mobile recharge,316.97,8.6
2024-08-03,Investment,Debit card,Internet service provider bill,922.79,14.47
2024-08-23,Bills,Debit card,Accessories shopping,936.57,10.77
2024-08-21,Groceries,Debit card,Fuel refill at Gas Station Name,739.34,11.15
2024-08-18,Transportation,Cash,Mobile recharge,525.4,2.59
2024-08-20,stationary,Cash,Fuel refill at Gas Station Name,378.22,1.66
2024-08-17,Bills,Cash,Taxi fare for office,952.85,10.29
2024-08-08,Groceries,Cash,Mobile recharge,722.14,9.65
2024-08-16,Transportation,Cash,Accessories shopping,917.57,1.97
2024-08-09,Transportation,UPI,Mobile recharge,803.97,7.83
2024-08-23,Investment,Cash,Internet service provider bill,125.52,18.05
2024-08-19,Subscription,UPI,Fuel refill at Gas Station Name,68.71,4.38
2024-08-10,Bills,Cash,monthly metro pass renewal,13.8,18.11
2024-08-17,Bills,UPI,Taxi fare for office,964.17,8.9
2024-08-11,Subscription,UPI,Taxi fare for office,798.22,17.72
2024-08-07,Bills,UPI,streaming service subscription renewal,763.66,3.3
2024-08-29,Transportation,Cash,Fuel refill at Gas Station Name,796.2,12.1
2024-08-07,stationary,UPI,Accessories shopping,801.85,7.93
2024-08-20,Subscription,Cash,Fuel refill at Gas Station Name,799.91,18.84
2024-08-15,Subscription,UPI,Internet service provider bill,808.73,10.33
2024-08-07,stationary,Debit card,streaming service subscription renewal,950.94,10.55
2024-08-13,stationary,Cash,Fuel refill at Gas Station Name,500.44,7.74
2024-08-17,Subscription,Debit card,Fuel refill at Gas Station Name,756.89,11.03
2024-08-09,stationary,Cash,Mobile recharge,253.69,8.75
2024-08-08,Subscription,Cash,Fuel refill at Gas Station Name,618.02,17.46
2024-08-28,Subscription,Cash,Internet service provider bill,906.98,5.19
2024-08-27,Investment,UPI,Accessories shopping,173.92,15.29
2024-08-13,Transportation,UPI,Taxi fare for office,191.24,5.35
2024-08-30,Bills,Cash,Mobile recharge,171.43,12.5
2024-08-07,Bills,UPI,monthly metro pass renewal,780.46,9.9
2024-08-05,stationary,Cash,streaming service subscription renewal,61.5,19.16
2024-08-02,Transportation,Debit card,Internet service provider bill,293.01,2.78
2024-08-09,Subscription,UPI,Mobile recharge,638.83,16.39
2024-08-03,Groceries,Debit card,Fuel refill at Gas Station Name,83.06,9.71
2024-08-06,Investment,UPI,Mobile recharge,301.09,11.0
2024-08-07,Groceries,Debit card,Fuel refill at Gas Station Name,116.65,5.61
2024-08-22,Bills,Cash,streaming service subscription renewal,637.26,11.3
2024-08-13,Subscription,UPI,Accessories shopping,268.87,17.9
2024-08-09,Groceries,Cash,Mobile recharge,233.77,18.5
2024-08-20,Transportation,UPI,monthly metro pass renewal,903.11,12.18
2024-08-06,stationary,UPI,streaming service subscription renewal,616.62,7.06
2024-08-19,Subscription,Debit card,monthly metro pass renewal,957.06,10.55
2024-08-30,Investment,Debit card,Mobile recharge,144.92,17.63
2024-08-22,Subscription,UPI,Accessories shopping,660.34,12.63
2024-08-22,Groceries,Cash,monthly metro pass renewal,186.1,7.11
2024-08-30,stationary,UPI,monthly metro pass renewal,773.52,4.63
2024-08-26,stationary,UPI,monthly metro pass renewal,224.06,15.06
2024-08-01,Groceries,Debit card,Mobile recharge,948.39,19.61
2024-08-28,Bills,Cash,Taxi fare for office,553.23,5.9
2024-08-01,stationary,Debit card,Internet service provider bill,714.81,3.02
2024-08-10,Transportation,UPI,monthly metro pass renewal,258.08,16.4
2024-08-17,stationary,UPI,Mobile recharge,450.87,8.41
2024-08-04,Groceries,Cash,Mobile recharge,346.81,17.27
2024-08-19,Bills,UPI,Taxi fare for office,882.19,14.26
2024-08-11,Subscription,Debit card,monthly metro pass renewal,756.48,19.61
2024-08-29,Subscription,Cash,monthly metro pass renewal,473.31,19.7
2024-08-30,Investment,Debit card,Internet service provider bill,506.63,3.07
2024-08-08,Bills,Cash,streaming service subscription renewal,974.78,12.99
2024-08-28,Transportation,Debit card,Taxi fare for office,882.42,2.83
2024-08-06,Groceries,UPI,Fuel refill at Gas Station Name,787.88,9.17
2024-08-10,stationary,Debit card,streaming service subscription renewal,198.63,10.59
2024-08-20,Bills,Cash,Fuel refill at Gas Station Name,262.88,8.1
2024-08-18,Subscription,Cash,Internet service provider bill,875.29,4.21
2024-08-23,Investment,Debit card,Taxi fare for office,808.22,10.3
2024-08-20,stationary,UPI,Accessories shopping,281.06,6.75
2024-08-02,Subscription,Cash,Accessories shopping,220.5,16.71
2024-09-03,Groceries,Debit card,Fuel refill at Gas Station Name,727.63,18.53
2024-09-25,Investment,UPI,Internet service provider bill,789.29,3.82
2024-09-20,Investment,Debit card,Fuel refill at Gas Station Name,25.58,15.52
2024-09-07,Transportation,UPI,streaming service subscription renewal,561.7,13.02
2024-09-23,Transportation,Debit card,Taxi fare for office,951.11,15.63
2024-09-24,Investment,Cash,Taxi fare for office,145.3,0.36
2024-09-05,Bills,Cash,monthly metro pass renewal,782.93,2.56
2024-09-16,Groceries,Debit card,monthly metro pass renewal,475.85,18.48
2024-09-13,Transportation,Cash,Mobile recharge,943.74,10.26
2024-09-03,Bills,Cash,Fuel refill at Gas Station Name,575.67,4.25
2024-09-19,Groceries,UPI,Accessories shopping,487.4,6.61
2024-09-21,Transportation,UPI,Taxi fare for office,232.59,1.83
2024-09-22,stationary,Debit card,Fuel refill at Gas Station Name,768.2,16.05
2024-09-17,Transportation,UPI,monthly metro pass renewal,919.46,10.05
2024-09-20,Investment,Debit card,streaming service subscription renewal,846.6,4.64
2024-09-29,Subscription,UPI,monthly metro pass renewal,737.71,0.35
2024-09-24,stationary,Cash,Fuel refill at Gas Station Name,569.49,9.02
2024-09-23,Transportation,Cash,Fuel refill at Gas Station Name,109.83,0.34
2024-09-19,Bills,UPI,Taxi fare for office,207.57,14.99
2024-09-06,Groceries,Cash,Taxi fare for office,973.19,14.01
2024-09-21,stationary,Debit card,Taxi fare for office,728.27,12.91
2024-09-02,stationary,Debit card,Mobile recharge,619.17,1.68
2024-09-04,Subscription,Cash,Accessories shopping,856.99,0.96
2024-09-21,Transportation,UPI,Mobile recharge,474.59,19.95
2024-09-03,stationary,Cash,Taxi fare for office,512.63,16.66
2024-09-29,Bills,Cash,Internet service provider bill,538.93,19.93
2024-09-24,Subscription,Debit card,monthly metro pass renewal,105.67,6.82
2024-09-27,Investment,Debit card,streaming service subscription renewal,999.37,6.68
2024-09-04,Investment,Cash,monthly metro pass renewal,262.86,5.29
2024-09-18,Subscription,Cash,Fuel refill at Gas Station Name,843.88,19.49
2024-09-05,Bills,UPI,streaming service subscription renewal,372.33,18.81
2024-09-17,Investment,Debit card,streaming service subscription renewal,540.98,14.97
2024-09-16,Investment,UPI,monthly metro pass renewal,325.9,15.43
2024-09-02,stationary,Cash,Mobile recharge,490.24,9.51
2024-09-08,Investment,UPI,Accessories shopping,604.67,9.6
2024-09-20,Transportation,UPI,streaming service subscription renewal,163.83,18.31
2024-09-06,Subscription,Debit card,Mobile recharge,857.36,4.98
2024-09-24,stationary,UPI,Fuel refill at Gas Station Name,41.02,13.14
2024-09-20,Investment,Cash,Internet service provider bill,556.55,14.94
2024-09-20,Groceries,Debit card,streaming service subscription renewal,661.3,2.67
2024-09-27,Investment,Cash,Taxi fare for office,15.92,7.96
2024-09-24,Groceries,UPI,streaming service subscription renewal,648.05,13.06
2024-09-03,Investment,Debit card,streaming service subscription renewal,569.07,15.89
2024-09-10,stationary,Debit card,Accessories shopping,550.52,4.89
2024-09-22,Subscription,Cash,Fuel refill at Gas Station Name,914.99,14.42
2024-09-09,Investment,UPI,Fuel refill at Gas Station Name,13.48,1.55
2024-09-29,Bills,Debit card,Taxi fare for office,557.73,3.1
2024-09-17,Bills,Debit card,Accessories shopping,105.84,15.84
2024-09-29,Investment,Debit card,Taxi fare for office,52.89,7.03
2024-09-16,stationary,Cash,streaming service subscription renewal,174.03,0.65
2024-09-22,Investment,Cash,Accessories shopping,221.07,11.67
2024-09-05,stationary,Debit card,Fuel refill at Gas Station Name,944.39,17.93
2024-09-16,Groceries,Debit card,streaming service subscription renewal,442.61,12.22
2024-09-08,Bills,Debit card,streaming service subscription renewal,57.96,17.89
2024-09-02,Groceries,Debit card,Internet service provider bill,949.63,7.17
2024-09-04,Investment,Debit card,streaming service subscription renewal,366.17,6.21
2024-09-24,stationary,Cash,Accessories shopping,351.74,17.98
2024-09-25,Subscription,UPI,Mobile recharge,511.21,3.86
2024-09-29,Subscription,Debit card,Fuel refill at Gas Station Name,287.61,12.65
2024-09-09,Investment,Debit card,Fuel refill at Gas Station Name,861.52,14.97
2024-09-05,Investment,Cash,monthly metro pass renewal,442.63,12.46
2024-09-22,Groceries,Cash,Accessories shopping,47.27,18.16
2024-09-14,Transportation,UPI,Internet service provider bill,833.16,5.33
2024-09-22,Groceries,Cash,Accessories shopping,862.94,9.81
2024-09-21,Subscription,UPI,Fuel refill at Gas Station Name,217.22,11.88
2024-09-12,Groceries,Cash,Fuel refill at Gas Station Name,338.34,11.96
2024-09-05,Transportation,Cash,monthly metro pass renewal,680.67,7.27
2024-09-01,Subscription,Cash,Taxi fare for office,994.03,16.88
2024-09-01,Subscription,Debit card,Taxi fare for office,221.0,4.41
2024-09-07,Investment,Cash,streaming service subscription renewal,681.5,8.05
2024-09-27,Groceries,Debit card,monthly metro pass renewal,984.8,4.85
2024-09-17,Bills,Cash,Mobile recharge,356.14,0.26
2024-09-10,Transportation,UPI,Fuel refill at Gas Station Name,13.08,17.07
2024-09-15,Bills,Debit card,Taxi fare for office,995.11,8.1
2024-09-10,Groceries,UPI,Fuel refill at Gas Station Name,366.91,9.11
2024-09-29,Groceries,Cash,monthly metro pass renewal,817.28,15.55
2024-09-08,stationary,UPI,Mobile recharge,137.6,13.02
2024-09-03,Transportation,UPI,Fuel refill at Gas Station Name,691.95,16.89
2024-09-10,stationary,UPI,Internet service provider bill,284.91,0.6
2024-09-27,Investment,Cash,Mobile recharge,561.7,15.36
2024-09-16,Bills,UPI,Internet service provider bill,540.12,3.71
2024-09-18,stationary,Debit card,Accessories shopping,340.89,13.62
2024-09-16,Subscription,Cash,Taxi fare for office,944.04,18.27
2024-09-03,Transportation,Debit card,Taxi fare for office,871.76,14.96
2024-09-22,Groceries,UPI,streaming service subscription renewal,996.85,5.45
2024-09-11,Investment,UPI,Mobile recharge,69.0,4.03
2024-09-27,Groceries,Debit card,Accessories shopping,400.59,16.2
2024-09-20,Transportation,UPI,Taxi fare for office,467.09,3.23
2024-09-19,Transportation,Debit card,streaming service subscription renewal,949.99,10.09
2024-09-24,Bills,Cash,Accessories shopping,121.54,11.15
2024-09-25,Transportation,UPI,monthly metro pass renewal,491.43,1.11
2024-09-04,Subscription,UPI,streaming service subscription renewal,251.45,7.86
2024-09-16,Subscription,Debit card,Taxi fare for office,308.27,12.47
2024-09-02,Groceries,Cash,Fuel refill at Gas Station Name,505.29,15.02
2024-09-05,Subscription,UPI,Accessories shopping,446.72,8.04
2024-09-11,Groceries,Cash,streaming service subscription renewal,516.7,10.21
2024-09-26,Subscription,Cash,streaming service subscription renewal,720.3,16.9
2024-09-22,Investment,UPI,Fuel refill at Gas Station Name,697.21,4.21
2024-09-10,Subscription,Debit card,Fuel refill at Gas Station Name,536.14,2.98
2024-09-28,stationary,UPI,monthly metro pass renewal,146.06,17.85
2024-10-25,Subscription,Debit card,Internet service provider bill,644.91,11.91
2024-10-23,stationary,UPI,Fuel refill at Gas Station Name,531.41,17.52
2024-10-06,stationary,UPI,Accessories shopping,850.56,6.81
2024-10-29,Investment,UPI,monthly metro pass renewal,464.23,14.72
2024-10-02,Bills,UPI,Accessories shopping,524.54,7.53
2024-10-02,Investment,Cash,streaming service subscription renewal,796.09,14.78
2024-10-24,Investment,Debit card,Taxi fare for office,743.33,4.99
2024-10-01,Transportation,Debit card,Mobile recharge,399.44,1.34
2024-10-27,Subscription,Debit card,Mobile recharge,904.93,0.38
2024-10-11,Subscription,Cash,Internet service provider bill,759.31,4.05
2024-10-24,Investment,UPI,monthly metro pass renewal,150.25,4.47
2024-10-12,Subscription,UPI,Mobile recharge,261.47,19.17
2024-10-15,Subscription,Cash,monthly metro pass renewal,578.45,18.76
2024-10-28,Investment,Cash,Internet service provider bill,507.87,10.59
2024-10-18,stationary,Debit card,Taxi fare for office,855.43,2.44
2024-10-13,Investment,Debit card,Fuel refill at Gas Station Name,622.88,16.69
2024-10-25,Bills,Debit card,Mobile recharge,162.45,1.31
2024-10-14,Groceries,Cash,Internet service provider bill,286.27,18.7
2024-10-02,Transportation,Cash,streaming service subscription renewal,486.68,16.72
2024-10-06,Bills,Debit card,Fuel refill at Gas Station Name,870.5,10.08
2024-10-18,Groceries,Cash,Fuel refill at Gas Station Name,799.24,17.91
2024-10-14,Investment,Debit card,streaming service subscription renewal,532.45,11.9
2024-10-28,Investment,UPI,Mobile recharge,342.05,16.68
2024-10-09,Transportation,UPI,streaming service subscription renewal,602.75,17.96
2024-10-16,Bills,Debit card,streaming service subscription renewal,15.93,15.38
2024-10-29,Groceries,UPI,Internet service provider bill,925.91,0.18
2024-10-18,Groceries,Debit card,streaming service subscription renewal,67.24,10.17
2024-10-25,Bills,Cash,Taxi fare for office,848.03,0.03
2024-10-05,Subscription,Cash,Mobile recharge,781.81,2.46
2024-10-23,stationary,UPI,Mobile recharge,24.57,14.51
2024-10-06,Bills,Cash,streaming service subscription renewal,534.39,10.05
2024-10-02,stationary,Cash,Mobile recharge,708.97,8.78
2024-10-18,Subscription,Cash,Mobile recharge,796.36,9.53
2024-10-27,stationary,Debit card,Fuel refill at Gas Station Name,393.06,1.18
2024-10-07,stationary,UPI,Mobile recharge,941.04,18.22
2024-10-08,stationary,Cash,Fuel refill at Gas Station Name,339.46,2.88
2024-10-24,Transportation,Debit card,Mobile recharge,577.01,5.92
2024-10-26,Groceries,Cash,Internet service provider bill,887.61,12.92
2024-10-18,Transportation,Cash,Mobile recharge,74.85,1.61
2024-10-28,Investment,Debit card,streaming service subscription renewal,882.08,13.89
2024-10-16,Investment,Cash,monthly metro pass renewal,930.02,5.78
2024-10-08,Subscription,UPI,Internet service provider bill,787.15,3.46
2024-10-26,Subscription,Cash,Taxi fare for office,855.68,0.29
2024-10-29,Groceries,Cash,Accessories shopping,183.91,12.91
2024-10-11,Bills,UPI,Fuel refill at Gas Station Name,701.5,8.14
2024-10-02,Investment,UPI,streaming service subscription renewal,241.51,11.37
2024-10-27,Bills,UPI,monthly metro pass renewal,88.02,15.5
2024-10-19,stationary,Cash,Fuel refill at Gas Station Name,454.4,13.69
2024-10-01,Bills,UPI,Taxi fare for office,14.36,5.36
2024-10-11,stationary,Cash,streaming service subscription renewal,60.08,7.51
2024-10-01,Groceries,Debit card,Mobile recharge,414.46,11.54
2024-10-07,stationary,Cash,Accessories shopping,280.73,1.8
2024-10-13,Groceries,UPI,Accessories shopping,230.24,15.65
2024-10-13,Transportation,UPI,monthly metro pass renewal,922.97,10.52
2024-10-06,Subscription,Debit card,Taxi fare for office,148.12,3.72
2024-10-05,Groceries,Cash,Internet service provider bill,353.87,19.55
2024-10-01,Groceries,Cash,streaming service subscription renewal,628.43,13.21
2024-10-21,Subscription,Debit card,Mobile recharge,88.69,12.25
2024-10-04,stationary,UPI,Fuel refill at Gas Station Name,519.83,2.53
2024-10-28,stationary,Debit card,streaming service subscription renewal,743.25,3.08
2024-10-08,Transportation,UPI,Taxi fare for office,544.43,6.26
2024-10-28,Transportation,Debit card,monthly metro pass renewal,551.12,13.12
2024-10-24,Groceries,UPI,Taxi fare for office,167.55,19.03
2024-10-10,Transportation,Cash,Internet service provider bill,378.54,8.41
2024-10-23,Transportation,Cash,monthly metro pass renewal,494.66,0.72
2024-10-14,Bills,Cash,Accessories shopping,378.38,9.9
2024-10-11,Investment,UPI,Fuel refill at Gas Station Name,558.26,2.92
2024-10-14,Transportation,Debit card,streaming service subscription renewal,748.6,3.72
2024-10-06,Investment,Debit card,monthly metro pass renewal,447.86,12.43
2024-10-02,Investment,Cash,monthly metro pass renewal,138.08,6.1
2024-10-08,Investment,UPI,monthly metro pass renewal,304.12,0.73
2024-10-01,Groceries,Debit card,Internet service provider bill,93.41,11.63
2024-10-14,Investment,Debit card,monthly metro pass renewal,870.14,19.02
2024-10-21,Bills,Cash,Internet service provider bill,798.66,18.68
2024-10-03,stationary,Cash,monthly metro pass renewal,904.59,16.37
2024-10-10,Transportation,UPI,Taxi fare for office,273.13,15.78
2024-10-13,Transportation,UPI,Taxi fare for office,912.31,8.54
2024-10-22,stationary,Cash,Internet service provider bill,904.87,11.59
2024-10-08,Subscription,UPI,Accessories shopping,810.19,13.46
2024-10-12,Subscription,Debit card,streaming service subscription renewal,984.0,17.44
2024-10-21,Subscription,Debit card,Internet service provider bill,191.18,3.11
2024-10-25,stationary,Cash,monthly metro pass renewal,608.28,9.61
2024-10-27,stationary,UPI,Accessories shopping,189.42,11.71
2024-10-06,stationary,Cash,Internet service provider bill,684.52,8.94
2024-10-15,Bills,UPI,Accessories shopping,796.58,10.0
2024-10-09,Groceries,Cash,Taxi fare for office,72.69,8.3
2024-10-28,Investment,UPI,Mobile recharge,189.04,6.51
2024-10-16,Groceries,UPI,monthly metro pass renewal,570.82,17.37
2024-10-29,Bills,Debit card,Fuel refill at Gas Station Name,451.83,11.45
2024-10-27,Groceries,Cash,Internet service provider bill,946.84,8.16
2024-10-28,Investment,UPI,Taxi fare for office,247.1,0.29
2024-10-16,Subscription,UPI,Accessories shopping,717.48,9.85
2024-10-15,Subscription,UPI,monthly metro pass renewal,341.91,17.86
2024-10-23,Groceries,Cash,Accessories shopping,591.63,4.35
2024-10-02,Bills,UPI,Internet service provider bill,565.6,9.49
2024-10-04,Subscription,Cash,monthly metro pass renewal,138.86,1.76
2024-10-15,stationary,Debit card,Internet service provider bill,354.75,15.56
2024-10-03,Bills,Cash,monthly metro pass renewal,620.97,17.8
2024-10-03,Bills,Debit card,Fuel refill at Gas Station Name,686.82,12.43
2024-10-03,Bills,Debit card,monthly metro pass renewal,389.55,8.25
2024-11-11,stationary,UPI,Internet service provider bill,473.37,1.85
2024-11-23,stationary,UPI,streaming service subscription renewal,751.53,10.36
2024-11-24,Bills,Debit card,Fuel refill at Gas Station Name,552.52,16.1
2024-11-17,Subscription,Debit card,Internet service provider bill,19.61,14.01
2024-11-13,Subscription,Debit card,Fuel refill at Gas Station Name,591.78,11.13
2024-11-04,Subscription,UPI,streaming service subscription renewal,769.04,3.82
2024-11-27,Investment,UPI,Internet service provider bill,641.74,2.52
2024-11-01,Groceries,Cash,monthly metro pass renewal,403.6,4.14
2024-11-10,Bills,UPI,monthly metro pass renewal,682.51,0.62
2024-11-07,Subscription,Cash,Mobile recharge,970.94,3.26
2024-11-11,stationary,Cash,Accessories shopping,456.05,6.26
2024-11-06,stationary,Debit card,Accessories shopping,212.8,5.06
2024-11-04,Bills,Cash,Internet service provider bill,238.15,19.94
2024-11-28,Bills,Cash,streaming service subscription renewal,717.94,15.7
2024-11-06,Transportation,Debit card,Accessories shopping,498.2,9.62
2024-11-23,stationary,Debit card,Mobile recharge,809.81,2.5
2024-11-01,Groceries,Cash,monthly metro pass renewal,303.01,0.31
2024-11-15,Investment,Cash,streaming service subscription renewal,17.48,11.16
2024-11-18,Groceries,Cash,Accessories shopping,997.04,10.77
2024-11-12,Subscription,Cash,Internet service provider bill,393.38,16.17
2024-11-18,stationary,UPI,Taxi fare for office,402.59,15.97
2024-11-05,Subscription,UPI,Accessories shopping,492.88,7.76
2024-11-17,Groceries,UPI,Fuel refill at Gas Station Name,63.92,13.98
2024-11-05,Groceries,Cash,monthly metro pass renewal,245.97,8.1
2024-11-18,Groceries,Cash,monthly metro pass renewal,512.7,18.94
2024-11-09,Groceries,Cash,Taxi fare for office,172.41,16.43
2024-11-14,stationary,Debit card,Fuel refill at Gas Station Name,420.66,14.51
2024-11-03,Bills,UPI,Fuel refill at Gas Station Name,705.6,2.34
2024-11-20,Investment,Debit card,streaming service subscription renewal,313.73,10.48
2024-11-23,Bills,Debit card,streaming service subscription renewal,721.61,10.11
2024-11-09,Subscription,Cash,Fuel refill at Gas Station Name,644.76,11.02
2024-11-09,Bills,Debit card,Fuel refill at Gas Station Name,45.2,2.41
2024-11-08,Subscription,Debit card,streaming service subscription renewal,222.72,2.98
2024-11-01,Bills,Debit card,Accessories shopping,480.28,12.96
2024-11-19,Bills,UPI,Internet service provider bill,496.92,5.73
2024-11-07,stationary,UPI,Accessories shopping,766.39,12.45
2024-11-03,Bills,Debit card,Mobile recharge,950.26,15.89
2024-11-07,Subscription,Debit card,monthly metro pass renewal,396.81,2.87
2024-11-25,Bills,UPI,Internet service provider bill,238.37,19.33
2024-11-02,Groceries,Cash,Taxi fare for office,729.66,9.2
2024-11-29,Investment,UPI,Internet service provider bill,191.18,11.14
2024-11-16,stationary,Debit card,Mobile recharge,413.54,11.55
2024-11-06,Investment,UPI,monthly metro pass renewal,291.93,8.68
2024-11-03,Bills,UPI,Taxi fare for office,299.15,17.76
2024-11-23,Groceries,Cash,monthly metro pass renewal,271.41,6.04
2024-11-15,Transportation,UPI,Taxi fare for office,229.44,18.2
2024-11-29,stationary,Debit card,Accessories shopping,373.92,2.39
2024-11-22,Investment,Cash,Taxi fare for office,992.15,16.99
2024-11-29,Groceries,Debit card,Taxi fare for office,770.39,6.62
2024-11-27,Investment,Debit card,monthly metro pass renewal,765.69,5.96
2024-11-25,Groceries,UPI,Accessories shopping,805.94,0.92
2024-11-26,Subscription,Cash,Accessories shopping,361.29,18.23
2024-11-05,Groceries,UPI,Taxi fare for office,957.59,3.98
2024-11-27,Subscription,Cash,Mobile recharge,292.31,8.61
2024-11-01,Transportation,Debit card,Internet service provider bill,632.81,15.72
2024-11-22,stationary,UPI,Accessories shopping,226.85,11.24
2024-11-14,Subscription,Debit card,Taxi fare for office,145.98,3.91
2024-11-03,Investment,UPI,Mobile recharge,911.06,15.95
2024-11-23,Transportation,Debit card,Mobile recharge,970.37,2.97
2024-11-04,Subscription,UPI,Mobile recharge,366.81,4.38
2024-11-29,Transportation,UPI,Mobile recharge,36.04,8.16
2024-11-21,Transportation,Cash,Mobile recharge,777.84,5.61
2024-11-01,Groceries,UPI,streaming service subscription renewal,954.37,12.39
2024-11-15,Investment,Debit card,Mobile recharge,248.33,19.97
2024-11-12,Bills,UPI,Fuel refill at Gas Station Name,843.87,12.37
2024-11-09,Subscription,UPI,monthly metro pass renewal,939.86,6.59
2024-11-24,Groceries,Cash,Accessories shopping,424.53,12.08
2024-11-25,stationary,Debit card,Accessories shopping,621.83,2.33
2024-11-10,Investment,UPI,monthly metro pass renewal,283.04,0.13
2024-11-06,Investment,UPI,Mobile recharge,724.81,1.15
2024-11-26,Subscription,UPI,monthly metro pass renewal,559.62,15.72
2024-11-21,stationary,UPI,Taxi fare for office,777.83,10.02
2024-11-24,Subscription,Cash,Fuel refill at Gas Station Name,952.43,2.26
2024-11-07,Bills,Cash,Taxi fare for office,507.25,0.11
2024-11-01,Groceries,Debit card,Fuel refill at Gas Station Name,709.11,4.95
2024-11-09,Investment,Cash,Taxi fare for office,18.05,17.11
2024-11-04,Investment,Debit card,Taxi fare for office,250.98,8.81
2024-11-05,Bills,UPI,monthly metro pass renewal,44.63,11.35
2024-11-21,stationary,Debit card,Fuel refill at Gas Station Name,248.74,10.58
2024-11-01,Investment,UPI,Taxi fare for office,259.96,1.21
2024-11-14,Bills,Debit card,Mobile recharge,47.03,6.88
2024-11-01,Bills,Debit card,Accessories shopping,725.14,12.09
2024-11-22,stationary,UPI,Taxi fare for office,473.65,0.15
2024-11-12,Bills,UPI,streaming service subscription renewal,732.2,4.31
2024-11-18,Bills,Debit card,Internet service provider bill,497.0,15.77
2024-11-02,Bills,Cash,Accessories shopping,513.05,10.03
2024-11-29,Transportation,Debit card,Internet service provider bill,312.96,2.91
2024-11-21,Subscription,Debit card,Mobile recharge,132.24,6.05
2024-11-29,Subscription,UPI,streaming service subscription renewal,253.23,8.53
2024-11-14,Transportation,UPI,Fuel refill at Gas Station Name,245.26,10.19
2024-11-04,Transportation,UPI,Fuel refill at Gas Station Name,144.74,4.12
2024-11-02,Transportation,Debit card,Internet service provider bill,965.09,15.14
2024-11-13,Bills,Cash,Mobile recharge,804.0,8.24
2024-11-25,Bills,Debit card,Taxi fare for office,664.65,11.65
2024-11-05,Transportation,Cash,Mobile recharge,989.13,18.4
2024-11-05,Subscription,UPI,Taxi fare for office,205.69,19.36
2024-11-21,Investment,Debit card,Taxi fare for office,933.05,9.39
2024-11-20,Subscription,UPI,Fuel refill at Gas Station Name,426.75,12.85
2024-11-04,Investment,Debit card,monthly metro pass renewal,816.02,12.08
2024-11-12,Groceries,UPI,streaming service subscription renewal,308.36,18.4
2024-12-22,Investment,Cash,monthly metro pass renewal,685.19,6.83
2024-12-17,Subscription,Cash,Taxi fare for office,705.79,4.89
2024-12-26,Groceries,Cash,Internet service provider bill,736.22,3.5
2024-12-26,stationary,UPI,Fuel refill at Gas Station Name,380.66,7.57
2024-12-20,Groceries,Cash,Accessories shopping,297.18,13.35
2024-12-29,Transportation,Cash,Mobile recharge,594.1,9.43
2024-12-11,Investment,Cash,Accessories shopping,347.14,16.66
2024-12-17,Subscription,Debit card,Fuel refill at Gas Station Name,606.65,13.02
2024-12-26,Subscription,Debit card,Mobile recharge,243.12,12.34
2024-12-15,Transportation,UPI,streaming service subscription renewal,662.38,8.91
2024-12-05,Subscription,Debit card,monthly metro pass renewal,410.21,19.3
2024-12-07,Subscription,Cash,streaming service subscription renewal,156.94,1.88
2024-12-06,Bills,Debit card,Taxi fare for office,393.86,4.82
2024-12-21,Transportation,UPI,Internet service provider bill,28.55,13.22
2024-12-07,Investment,UPI,Mobile recharge,744.47,17.21
2024-12-04,Investment,UPI,Internet service provider bill,523.62,0.63
2024-12-03,Groceries,Cash,Internet service provider bill,698.65,17.99
2024-12-12,Groceries,Cash,Mobile recharge,642.6,15.91
2024-12-03,Groceries,UPI,monthly metro pass renewal,724.64,19.51
2024-12-18,stationary,Debit card,Mobile recharge,168.71,15.59
2024-12-25,Transportation,Debit card,Accessories shopping,74.35,8.22
2024-12-12,Investment,Cash,streaming service subscription renewal,47.46,15.5
2024-12-04,Transportation,Cash,Accessories shopping,872.13,3.63
2024-12-22,Subscription,UPI,Taxi fare for office,481.59,17.72
2024-12-19,Groceries,Cash,Mobile recharge,73.59,6.25
2024-12-11,Investment,UPI,Fuel refill at Gas Station Name,57.54,7.96
2024-12-14,Bills,Debit card,Accessories shopping,159.74,6.44
2024-12-10,Transportation,Debit card,Fuel refill at Gas Station Name,776.78,19.68
2024-12-09,Groceries,UPI,Mobile recharge,248.16,13.74
2024-12-18,Subscription,UPI,monthly metro pass renewal,217.32,17.68
2024-12-21,Transportation,Cash,Accessories shopping,335.42,2.76
2024-12-08,Investment,UPI,streaming service subscription renewal,555.66,14.88
2024-12-17,Bills,UPI,Fuel refill at Gas Station Name,713.28,4.2
2024-12-19,stationary,Cash,monthly metro pass renewal,562.09,13.66
2024-12-16,Groceries,Debit card,Fuel refill at Gas Station Name,641.91,19.66
2024-12-28,Transportation,Cash,Fuel refill at Gas Station Name,41.46,3.73
2024-12-04,Groceries,UPI,streaming service subscription renewal,266.64,5.85
2024-12-17,Groceries,UPI,Mobile recharge,181.75,19.25
2024-12-14,Transportation,Debit card,streaming service subscription renewal,934.88,3.23
2024-12-12,Groceries,UPI,Accessories shopping,927.44,16.54
2024-12-30,Investment,Cash,Mobile recharge,887.51,6.84
2024-12-22,Bills,UPI,streaming service subscription renewal,249.08,5.61
2024-12-09,Bills,Cash,monthly metro pass renewal,871.82,1.89
2024-12-02,stationary,Debit card,Accessories shopping,516.29,12.47
2024-12-19,Groceries,UPI,Taxi fare for office,812.5,12.4
2024-12-13,Transportation,UPI,Fuel refill at Gas Station Name,673.88,8.61
2024-12-25,Bills,Debit card,Internet service provider bill,195.44,2.13
2024-12-03,Bills,Debit card,Accessories shopping,194.77,14.2
2024-12-04,Transportation,UPI,Internet service provider bill,452.22,17.5
2024-12-20,Bills,UPI,Taxi fare for office,456.09,1.22
2024-12-16,Transportation,UPI,Taxi fare for office,325.15,3.16
2024-12-30,Bills,Cash,Fuel refill at Gas Station Name,842.08,15.1
2024-12-14,Bills,Debit card,Taxi fare for office,10.04,7.53
2024-12-28,Groceries,Debit card,Internet service provider bill,846.21,18.67
2024-12-13,Groceries,Cash,Mobile recharge,842.86,9.85
2024-12-16,Groceries,UPI,streaming service subscription renewal,263.8,0.6
2024-12-16,Groceries,Cash,Mobile recharge,871.49,10.55
2024-12-23,stationary,Debit card,Internet service provider bill,381.33,3.2
2024-12-03,Subscription,Debit card,Internet service provider bill,228.7,2.22
2024-12-23,Groceries,Debit card,Fuel refill at Gas Station Name,135.79,0.95
2024-12-28,Bills,UPI,monthly metro pass renewal,661.07,19.9
2024-12-03,Groceries,Cash,Taxi fare for office,841.63,9.63
2024-12-14,Bills,Debit card,Mobile recharge,277.98,12.11
2024-12-05,Bills,Cash,streaming service subscription renewal,989.6,13.87
2024-12-10,Investment,UPI,Accessories shopping,177.21,5.5
2024-12-23,Bills,UPI,Internet service provider bill,320.14,8.92
2024-12-20,stationary,Cash,Accessories shopping,796.1,18.92
2024-12-20,Investment,UPI,Fuel refill at Gas Station Name,405.01,12.66
2024-12-20,stationary,UPI,Fuel refill at Gas Station Name,944.1,13.85
2024-12-19,Transportation,Cash,Taxi fare for office,403.6,18.87
2024-12-14,Investment,Cash,Internet service provider bill,846.25,13.45
2024-12-04,Transportation,Cash,Mobile recharge,339.27,16.77
2024-12-27,Transportation,UPI,Internet service provider bill,157.5,12.15
2024-12-19,Subscription,Cash,Fuel refill at Gas Station Name,298.76,11.22
2024-12-11,Transportation,UPI,Accessories shopping,516.24,8.1
2024-12-25,Groceries,UPI,Mobile recharge,199.14,10.06
2024-12-03,Groceries,Cash,Fuel refill at Gas Station Name,886.56,5.24
2024-12-26,Investment,Debit card,Accessories shopping,466.61,13.89
2024-12-23,Bills,Cash,monthly metro pass renewal,481.05,6.89
2024-12-21,Groceries,UPI,Accessories shopping,46.98,9.14
2024-12-30,Groceries,Debit card,Fuel refill at Gas Station Name,697.65,11.19
2024-12-19,Subscription,Cash,Mobile recharge,482.45,12.79
2024-12-12,stationary,Cash,Mobile recharge,974.8,18.47
2024-12-24,Groceries,Debit card,Mobile recharge,490.85,11.6
2024-12-08,Transportation,Debit card,streaming service subscription renewal,102.85,0.61
2024-12-10,stationary,Cash,Mobile recharge,607.04,1.27
2024-12-20,stationary,Cash,Mobile recharge,656.51,16.67
2024-12-28,Investment,Debit card,monthly metro pass renewal,315.05,8.35
2024-12-07,Transportation,Cash,monthly metro pass renewal,564.44,6.0
2024-12-10,stationary,Cash,monthly metro pass renewal,246.25,13.18
2024-12-01,Bills,Debit card,Taxi fare for office,558.45,17.65
2024-12-21,Transportation,UPI,Fuel refill at Gas Station Name,308.57,9.98
2024-12-10,Transportation,Debit card,Mobile recharge,952.5,15.34
2024-12-09,Subscription,Debit card,streaming service subscription renewal,777.55,11.74
2024-12-14,stationary,UPI,Fuel refill at Gas Station Name,928.31,6.77
2024-12-17,Transportation,Debit card,Taxi fare for office,247.63,3.44
2024-12-16,Transportation,UPI,Fuel refill at Gas Station Name,70.52,14.11
2024-12-17,stationary,UPI,Taxi fare for office,997.99,11.46
2024-12-23,Bills,Debit card,monthly metro pass renewal,205.8,5.97
2024-12-08,stationary,Cash,Taxi fare for office,59.42,5.0
